dbo_LINE_LINE_ID,TRAIT_NM,TRAIT_DSC,OBSRV_NT_NBR,OBSRV_EFF_TSP,CNTRY_NM,REGN_NM,LOC_NM,COOP_LOC_NM
253721,PLUMP BARLEY,Barley Plump Percent >6/64,72.4,3/27/2018 14:50:45,RUSSIA,RUSSIA,SARANSK,SARANSK 2017
253524,B PROTEIN DSB WGA,Barley Protein (DSB) Prediction on WGA,10.7,3/27/2018 14:50:45,RUSSIA,RUSSIA,SARANSK,SARANSK 2017
253531,THINS BARLEY,Barley Thin Percent <5.5/64,0,3/27/2018 14:50:45,RUSSIA,RUSSIA,SARANSK,SARANSK 2017
253546,MIDS BARLEY,Mids Barley Percent,32.1,3/27/2018 14:50:45,RUSSIA,RUSSIA,SARANSK,SARANSK 2017
253527,B PROTEIN DSB WGA,Barley Protein (DSB) Prediction on WGA,9.8,3/27/2018 14:50:45,RUSSIA,RUSSIA,SARANSK,SARANSK 2017
253531,PLUMP BARLEY,Barley Plump Percent >6/64,64.2,3/27/2018 14:50:45,RUSSIA,RUSSIA,SARANSK,SARANSK 2017
253546,PLUMP BARLEY,Barley Plump Percent >6/64,62.7,3/27/2018 14:50:45,RUSSIA,RUSSIA,SARANSK,SARANSK 2017
253546,THINS BARLEY,Barley Thin Percent <5.5/64,0,3/27/2018 14:50:45,RUSSIA,RUSSIA,SARANSK,SARANSK 2017
253523,PLUMP BARLEY,Barley Plump Percent >6/64,63.2,3/27/2018 14:50:45,RUSSIA,RUSSIA,SARANSK,SARANSK 2017
253527,MIDS BARLEY,Mids Barley Percent,22.5,3/27/2018 14:50:45,RUSSIA,RUSSIA,SARANSK,SARANSK 2017
253523,THINS BARLEY,Barley Thin Percent <5.5/64,0,3/27/2018 14:50:45,RUSSIA,RUSSIA,SARANSK,SARANSK 2017
253531,MIDS BARLEY,Mids Barley Percent,32.1,3/27/2018 14:50:45,RUSSIA,RUSSIA,SARANSK,SARANSK 2017
253525,B PROTEIN DSB WGA,Barley Protein (DSB) Prediction on WGA,10.1,3/27/2018 14:50:45,RUSSIA,RUSSIA,SARANSK,SARANSK 2017
253527,PLUMP BARLEY,Barley Plump Percent >6/64,71.3,3/27/2018 14:50:45,RUSSIA,RUSSIA,SARANSK,SARANSK 2017
253523,MIDS BARLEY,Mids Barley Percent,32.4,3/27/2018 14:50:45,RUSSIA,RUSSIA,SARANSK,SARANSK 2017
253525,MIDS BARLEY,Mids Barley Percent,28.9,3/27/2018 14:50:45,RUSSIA,RUSSIA,SARANSK,SARANSK 2017
253527,THINS BARLEY,Barley Thin Percent <5.5/64,0,3/27/2018 14:50:45,RUSSIA,RUSSIA,SARANSK,SARANSK 2017
253889,B PROTEIN DSB WGA,Barley Protein (DSB) Prediction on WGA,11.7,3/27/2018 14:50:45,RUSSIA,RUSSIA,SARANSK,SARANSK 2017
253721,MIDS BARLEY,Mids Barley Percent,23.3,3/27/2018 14:50:45,RUSSIA,RUSSIA,SARANSK,SARANSK 2017
253523,B PROTEIN DSB WGA,Barley Protein (DSB) Prediction on WGA,8.8,3/27/2018 14:50:45,RUSSIA,RUSSIA,SARANSK,SARANSK 2017
253720,B PROTEIN DSB WGA,Barley Protein (DSB) Prediction on WGA,9.4,3/27/2018 14:50:45,RUSSIA,RUSSIA,SARANSK,SARANSK 2017
253525,THINS BARLEY,Barley Thin Percent <5.5/64,0,3/27/2018 14:50:45,RUSSIA,RUSSIA,SARANSK,SARANSK 2017
253889,THINS BARLEY,Barley Thin Percent <5.5/64,0,3/27/2018 14:50:45,RUSSIA,RUSSIA,SARANSK,SARANSK 2017
253889,PLUMP BARLEY,Barley Plump Percent >6/64,77.6,3/27/2018 14:50:45,RUSSIA,RUSSIA,SARANSK,SARANSK 2017
253889,MIDS BARLEY,Mids Barley Percent,18.4,3/27/2018 14:50:45,RUSSIA,RUSSIA,SARANSK,SARANSK 2017
253521,THINS BARLEY,Barley Thin Percent <5.5/64,0,3/27/2018 14:50:45,RUSSIA,RUSSIA,SARANSK,SARANSK 2017
253525,PLUMP BARLEY,Barley Plump Percent >6/64,66.4,3/27/2018 14:50:45,RUSSIA,RUSSIA,SARANSK,SARANSK 2017
253546,B PROTEIN DSB WGA,Barley Protein (DSB) Prediction on WGA,9.5,3/27/2018 14:50:45,RUSSIA,RUSSIA,SARANSK,SARANSK 2017
253720,THINS BARLEY,Barley Thin Percent <5.5/64,0,3/27/2018 14:50:45,RUSSIA,RUSSIA,SARANSK,SARANSK 2017
253530,B PROTEIN DSB WGA,Barley Protein (DSB) Prediction on WGA,9.6,3/27/2018 14:50:45,RUSSIA,RUSSIA,SARANSK,SARANSK 2017
253530,THINS BARLEY,Barley Thin Percent <5.5/64,0,3/27/2018 14:50:45,RUSSIA,RUSSIA,SARANSK,SARANSK 2017
253720,PLUMP BARLEY,Barley Plump Percent >6/64,60.2,3/27/2018 14:50:45,RUSSIA,RUSSIA,SARANSK,SARANSK 2017
253720,MIDS BARLEY,Mids Barley Percent,34.8,3/27/2018 14:50:45,RUSSIA,RUSSIA,SARANSK,SARANSK 2017
253521,PLUMP BARLEY,Barley Plump Percent >6/64,70.2,3/27/2018 14:50:45,RUSSIA,RUSSIA,SARANSK,SARANSK 2017
253529,MIDS BARLEY,Mids Barley Percent,32.2,3/27/2018 14:50:45,RUSSIA,RUSSIA,SARANSK,SARANSK 2017
253530,PLUMP BARLEY,Barley Plump Percent >6/64,66,3/27/2018 14:50:45,RUSSIA,RUSSIA,SARANSK,SARANSK 2017
253530,MIDS BARLEY,Mids Barley Percent,30.2,3/27/2018 14:50:45,RUSSIA,RUSSIA,SARANSK,SARANSK 2017
253721,THINS BARLEY,Barley Thin Percent <5.5/64,0,3/27/2018 14:50:45,RUSSIA,RUSSIA,SARANSK,SARANSK 2017
253521,MIDS BARLEY,Mids Barley Percent,26.2,3/27/2018 14:50:45,RUSSIA,RUSSIA,SARANSK,SARANSK 2017
253529,PLUMP BARLEY,Barley Plump Percent >6/64,62.4,3/27/2018 14:50:45,RUSSIA,RUSSIA,SARANSK,SARANSK 2017
253524,PLUMP BARLEY,Barley Plump Percent >6/64,56.4,3/27/2018 14:50:45,RUSSIA,RUSSIA,SARANSK,SARANSK 2017
253524,MIDS BARLEY,Mids Barley Percent,57.5,3/27/2018 14:50:45,RUSSIA,RUSSIA,SARANSK,SARANSK 2017
253531,B PROTEIN DSB WGA,Barley Protein (DSB) Prediction on WGA,10.1,3/27/2018 14:50:45,RUSSIA,RUSSIA,SARANSK,SARANSK 2017
253529,THINS BARLEY,Barley Thin Percent <5.5/64,0,3/27/2018 14:50:45,RUSSIA,RUSSIA,SARANSK,SARANSK 2017
253521,B PROTEIN DSB WGA,Barley Protein (DSB) Prediction on WGA,9.2,3/27/2018 14:50:45,RUSSIA,RUSSIA,SARANSK,SARANSK 2017
253721,B PROTEIN DSB WGA,Barley Protein (DSB) Prediction on WGA,10.2,3/27/2018 14:50:45,RUSSIA,RUSSIA,SARANSK,SARANSK 2017
253529,B PROTEIN DSB WGA,Barley Protein (DSB) Prediction on WGA,10,3/27/2018 14:50:45,RUSSIA,RUSSIA,SARANSK,SARANSK 2017
253524,THINS BARLEY,Barley Thin Percent <5.5/64,0,3/27/2018 14:50:45,RUSSIA,RUSSIA,SARANSK,SARANSK 2017
253297,PLUMP BARLEY,Barley Plump Percent >6/64,88,3/27/2018 14:50:45,RUSSIA,RUSSIA,SARANSK,SARANSK 2017
253298,PLUMP BARLEY,Barley Plump Percent >6/64,60.8,3/27/2018 14:50:45,RUSSIA,RUSSIA,SARANSK,SARANSK 2017
253297,B PROTEIN DSB WGA,Barley Protein (DSB) Prediction on WGA,9.4,3/27/2018 14:50:45,RUSSIA,RUSSIA,SARANSK,SARANSK 2017
253296,B PROTEIN DSB WGA,Barley Protein (DSB) Prediction on WGA,8.7,3/27/2018 14:50:45,RUSSIA,RUSSIA,SARANSK,SARANSK 2017
253278,PLUMP BARLEY,Barley Plump Percent >6/64,49.7,3/27/2018 14:50:45,RUSSIA,RUSSIA,SARANSK,SARANSK 2017
253278,MIDS BARLEY,Mids Barley Percent,44.5,3/27/2018 14:50:45,RUSSIA,RUSSIA,SARANSK,SARANSK 2017
253150,MIDS BARLEY,Mids Barley Percent,24.1,3/27/2018 14:50:45,RUSSIA,RUSSIA,SARANSK,SARANSK 2017
253278,B PROTEIN DSB WGA,Barley Protein (DSB) Prediction on WGA,9.6,3/27/2018 14:50:45,RUSSIA,RUSSIA,SARANSK,SARANSK 2017
253251,B PROTEIN DSB WGA,Barley Protein (DSB) Prediction on WGA,9.6,3/27/2018 14:50:45,RUSSIA,RUSSIA,SARANSK,SARANSK 2017
254131,PLUMP BARLEY,Barley Plump Percent >6/64,74.2,3/27/2018 14:50:45,RUSSIA,RUSSIA,SARANSK,SARANSK 2017
254131,THINS BARLEY,Barley Thin Percent <5.5/64,0,3/27/2018 14:50:45,RUSSIA,RUSSIA,SARANSK,SARANSK 2017
253296,MIDS BARLEY,Mids Barley Percent,40.1,3/27/2018 14:50:45,RUSSIA,RUSSIA,SARANSK,SARANSK 2017
253297,MIDS BARLEY,Mids Barley Percent,10.9,3/27/2018 14:50:45,RUSSIA,RUSSIA,SARANSK,SARANSK 2017
253150,PLUMP BARLEY,Barley Plump Percent >6/64,70.2,3/27/2018 14:50:45,RUSSIA,RUSSIA,SARANSK,SARANSK 2017
254131,B PROTEIN DSB WGA,Barley Protein (DSB) Prediction on WGA,9.2,3/27/2018 14:50:45,RUSSIA,RUSSIA,SARANSK,SARANSK 2017
253298,THINS BARLEY,Barley Thin Percent <5.5/64,0,3/27/2018 14:50:45,RUSSIA,RUSSIA,SARANSK,SARANSK 2017
253296,PLUMP BARLEY,Barley Plump Percent >6/64,54.1,3/27/2018 14:50:45,RUSSIA,RUSSIA,SARANSK,SARANSK 2017
253251,MIDS BARLEY,Mids Barley Percent,32.2,3/27/2018 14:50:45,RUSSIA,RUSSIA,SARANSK,SARANSK 2017
254131,MIDS BARLEY,Mids Barley Percent,22.4,3/27/2018 14:50:45,RUSSIA,RUSSIA,SARANSK,SARANSK 2017
253298,MIDS BARLEY,Mids Barley Percent,34.6,3/27/2018 14:50:45,RUSSIA,RUSSIA,SARANSK,SARANSK 2017
253323,B PROTEIN DSB WGA,Barley Protein (DSB) Prediction on WGA,9.8,3/27/2018 14:50:45,RUSSIA,RUSSIA,SARANSK,SARANSK 2017
253298,B PROTEIN DSB WGA,Barley Protein (DSB) Prediction on WGA,10.4,3/27/2018 14:50:45,RUSSIA,RUSSIA,SARANSK,SARANSK 2017
253250,MIDS BARLEY,Mids Barley Percent,20.2,3/27/2018 14:50:45,RUSSIA,RUSSIA,SARANSK,SARANSK 2017
253150,B PROTEIN DSB WGA,Barley Protein (DSB) Prediction on WGA,11.4,3/27/2018 14:50:45,RUSSIA,RUSSIA,SARANSK,SARANSK 2017
253250,PLUMP BARLEY,Barley Plump Percent >6/64,76.2,3/27/2018 14:50:45,RUSSIA,RUSSIA,SARANSK,SARANSK 2017
253278,THINS BARLEY,Barley Thin Percent <5.5/64,0,3/27/2018 14:50:45,RUSSIA,RUSSIA,SARANSK,SARANSK 2017
253296,THINS BARLEY,Barley Thin Percent <5.5/64,0,3/27/2018 14:50:45,RUSSIA,RUSSIA,SARANSK,SARANSK 2017
253297,THINS BARLEY,Barley Thin Percent <5.5/64,0,3/27/2018 14:50:45,RUSSIA,RUSSIA,SARANSK,SARANSK 2017
253251,THINS BARLEY,Barley Thin Percent <5.5/64,0,3/27/2018 14:50:45,RUSSIA,RUSSIA,SARANSK,SARANSK 2017
253250,B PROTEIN DSB WGA,Barley Protein (DSB) Prediction on WGA,11.4,3/27/2018 14:50:45,RUSSIA,RUSSIA,SARANSK,SARANSK 2017
253323,THINS BARLEY,Barley Thin Percent <5.5/64,0,3/27/2018 14:50:45,RUSSIA,RUSSIA,SARANSK,SARANSK 2017
253251,PLUMP BARLEY,Barley Plump Percent >6/64,64.8,3/27/2018 14:50:45,RUSSIA,RUSSIA,SARANSK,SARANSK 2017
253323,PLUMP BARLEY,Barley Plump Percent >6/64,70.9,3/27/2018 14:50:45,RUSSIA,RUSSIA,SARANSK,SARANSK 2017
253323,MIDS BARLEY,Mids Barley Percent,24.6,3/27/2018 14:50:45,RUSSIA,RUSSIA,SARANSK,SARANSK 2017
253150,THINS BARLEY,Barley Thin Percent <5.5/64,0,3/27/2018 14:50:45,RUSSIA,RUSSIA,SARANSK,SARANSK 2017
253250,THINS BARLEY,Barley Thin Percent <5.5/64,0,3/27/2018 14:50:45,RUSSIA,RUSSIA,SARANSK,SARANSK 2017
253287,THINS BARLEY,Barley Thin Percent <5.5/64,0,3/27/2018 14:50:45,RUSSIA,RUSSIA,SARANSK,SARANSK 2017
253233,B PROTEIN DSB WGA,Barley Protein (DSB) Prediction on WGA,11,3/27/2018 14:50:45,RUSSIA,RUSSIA,SARANSK,SARANSK 2017
253233,MIDS BARLEY,Mids Barley Percent,19,3/27/2018 14:50:45,RUSSIA,RUSSIA,SARANSK,SARANSK 2017
253290,MIDS BARLEY,Mids Barley Percent,25.7,3/27/2018 14:50:45,RUSSIA,RUSSIA,SARANSK,SARANSK 2017
253287,PLUMP BARLEY,Barley Plump Percent >6/64,54.2,3/27/2018 14:50:45,RUSSIA,RUSSIA,SARANSK,SARANSK 2017
253233,PLUMP BARLEY,Barley Plump Percent >6/64,79.1,3/27/2018 14:50:45,RUSSIA,RUSSIA,SARANSK,SARANSK 2017
253288,B PROTEIN DSB WGA,Barley Protein (DSB) Prediction on WGA,9.9,3/27/2018 14:50:45,RUSSIA,RUSSIA,SARANSK,SARANSK 2017
253288,THINS BARLEY,Barley Thin Percent <5.5/64,0,3/27/2018 14:50:45,RUSSIA,RUSSIA,SARANSK,SARANSK 2017
253233,THINS BARLEY,Barley Thin Percent <5.5/64,0,3/27/2018 14:50:45,RUSSIA,RUSSIA,SARANSK,SARANSK 2017
253166,B PROTEIN DSB WGA,Barley Protein (DSB) Prediction on WGA,10.6,3/27/2018 14:50:45,RUSSIA,RUSSIA,SARANSK,SARANSK 2017
253290,THINS BARLEY,Barley Thin Percent <5.5/64,0.1,3/27/2018 14:50:45,RUSSIA,RUSSIA,SARANSK,SARANSK 2017
253289,MIDS BARLEY,Mids Barley Percent,30.2,3/27/2018 14:50:45,RUSSIA,RUSSIA,SARANSK,SARANSK 2017
253288,PLUMP BARLEY,Barley Plump Percent >6/64,64.7,3/27/2018 14:50:45,RUSSIA,RUSSIA,SARANSK,SARANSK 2017
253290,B PROTEIN DSB WGA,Barley Protein (DSB) Prediction on WGA,10.7,3/27/2018 14:50:45,RUSSIA,RUSSIA,SARANSK,SARANSK 2017
253234,B PROTEIN DSB WGA,Barley Protein (DSB) Prediction on WGA,9.6,3/27/2018 14:50:45,RUSSIA,RUSSIA,SARANSK,SARANSK 2017
253288,MIDS BARLEY,Mids Barley Percent,30.4,3/27/2018 14:50:45,RUSSIA,RUSSIA,SARANSK,SARANSK 2017
253234,MIDS BARLEY,Mids Barley Percent,21.4,3/27/2018 14:50:45,RUSSIA,RUSSIA,SARANSK,SARANSK 2017
253234,PLUMP BARLEY,Barley Plump Percent >6/64,77.1,3/27/2018 14:50:45,RUSSIA,RUSSIA,SARANSK,SARANSK 2017
253234,THINS BARLEY,Barley Thin Percent <5.5/64,0.1,3/27/2018 14:50:45,RUSSIA,RUSSIA,SARANSK,SARANSK 2017
253287,B PROTEIN DSB WGA,Barley Protein (DSB) Prediction on WGA,9.7,3/27/2018 14:50:45,RUSSIA,RUSSIA,SARANSK,SARANSK 2017
253290,PLUMP BARLEY,Barley Plump Percent >6/64,68.4,3/27/2018 14:50:45,RUSSIA,RUSSIA,SARANSK,SARANSK 2017
253266,PLUMP BARLEY,Barley Plump Percent >6/64,75.6,3/27/2018 14:50:45,RUSSIA,RUSSIA,SARANSK,SARANSK 2017
253289,B PROTEIN DSB WGA,Barley Protein (DSB) Prediction on WGA,9.6,3/27/2018 14:50:45,RUSSIA,RUSSIA,SARANSK,SARANSK 2017
253289,THINS BARLEY,Barley Thin Percent <5.5/64,0,3/27/2018 14:50:45,RUSSIA,RUSSIA,SARANSK,SARANSK 2017
253287,MIDS BARLEY,Mids Barley Percent,40.8,3/27/2018 14:50:45,RUSSIA,RUSSIA,SARANSK,SARANSK 2017
253289,PLUMP BARLEY,Barley Plump Percent >6/64,66.5,3/27/2018 14:50:45,RUSSIA,RUSSIA,SARANSK,SARANSK 2017
253266,MIDS BARLEY,Mids Barley Percent,21.2,3/27/2018 14:50:45,RUSSIA,RUSSIA,SARANSK,SARANSK 2017
253166,THINS BARLEY,Barley Thin Percent <5.5/64,0,3/27/2018 14:50:45,RUSSIA,RUSSIA,SARANSK,SARANSK 2017
253266,THINS BARLEY,Barley Thin Percent <5.5/64,0,3/27/2018 14:50:45,RUSSIA,RUSSIA,SARANSK,SARANSK 2017
253266,B PROTEIN DSB WGA,Barley Protein (DSB) Prediction on WGA,10.3,3/27/2018 14:50:45,RUSSIA,RUSSIA,SARANSK,SARANSK 2017
253166,PLUMP BARLEY,Barley Plump Percent >6/64,52.9,3/27/2018 14:50:45,RUSSIA,RUSSIA,SARANSK,SARANSK 2017
253270,MIDS BARLEY,Mids Barley Percent,35.1,3/27/2018 14:50:45,RUSSIA,RUSSIA,SARANSK,SARANSK 2017
253270,PLUMP BARLEY,Barley Plump Percent >6/64,60.4,3/27/2018 14:50:45,RUSSIA,RUSSIA,SARANSK,SARANSK 2017
253270,THINS BARLEY,Barley Thin Percent <5.5/64,0,3/27/2018 14:50:45,RUSSIA,RUSSIA,SARANSK,SARANSK 2017
253270,B PROTEIN DSB WGA,Barley Protein (DSB) Prediction on WGA,9.5,3/27/2018 14:50:45,RUSSIA,RUSSIA,SARANSK,SARANSK 2017
253166,MIDS BARLEY,Mids Barley Percent,39.9,3/27/2018 14:50:45,RUSSIA,RUSSIA,SARANSK,SARANSK 2017
254242,THINS BARLEY,Barley Thin Percent <5.5/64,0,3/27/2018 14:50:45,RUSSIA,RUSSIA,SARANSK,SARANSK 2017
254646,MIDS BARLEY,Mids Barley Percent,24.1,3/27/2018 14:50:45,RUSSIA,RUSSIA,SARANSK,SARANSK 2017
254242,PLUMP BARLEY,Barley Plump Percent >6/64,76,3/27/2018 14:50:45,RUSSIA,RUSSIA,SARANSK,SARANSK 2017
254646,THINS BARLEY,Barley Thin Percent <5.5/64,0,3/27/2018 14:50:45,RUSSIA,RUSSIA,SARANSK,SARANSK 2017
254458,B PROTEIN DSB WGA,Barley Protein (DSB) Prediction on WGA,10.6,3/27/2018 14:50:45,RUSSIA,RUSSIA,SARANSK,SARANSK 2017
254458,MIDS BARLEY,Mids Barley Percent,26.2,3/27/2018 14:50:45,RUSSIA,RUSSIA,SARANSK,SARANSK 2017
254671,PLUMP BARLEY,Barley Plump Percent >6/64,56.3,3/27/2018 14:50:45,RUSSIA,RUSSIA,SARANSK,SARANSK 2017
254458,PLUMP BARLEY,Barley Plump Percent >6/64,68.6,3/27/2018 14:50:45,RUSSIA,RUSSIA,SARANSK,SARANSK 2017
254671,THINS BARLEY,Barley Thin Percent <5.5/64,0,3/27/2018 14:50:45,RUSSIA,RUSSIA,SARANSK,SARANSK 2017
254644,THINS BARLEY,Barley Thin Percent <5.5/64,0,3/27/2018 14:50:45,RUSSIA,RUSSIA,SARANSK,SARANSK 2017
254242,MIDS BARLEY,Mids Barley Percent,23.9,3/27/2018 14:50:45,RUSSIA,RUSSIA,SARANSK,SARANSK 2017
254242,B PROTEIN DSB WGA,Barley Protein (DSB) Prediction on WGA,10.8,3/27/2018 14:50:45,RUSSIA,RUSSIA,SARANSK,SARANSK 2017
254644,B PROTEIN DSB WGA,Barley Protein (DSB) Prediction on WGA,9.6,3/27/2018 14:50:45,RUSSIA,RUSSIA,SARANSK,SARANSK 2017
254642,MIDS BARLEY,Mids Barley Percent,18.8,3/27/2018 14:50:45,RUSSIA,RUSSIA,SARANSK,SARANSK 2017
254642,PLUMP BARLEY,Barley Plump Percent >6/64,77.3,3/27/2018 14:50:45,RUSSIA,RUSSIA,SARANSK,SARANSK 2017
254646,B PROTEIN DSB WGA,Barley Protein (DSB) Prediction on WGA,9.9,3/27/2018 14:50:45,RUSSIA,RUSSIA,SARANSK,SARANSK 2017
254646,PLUMP BARLEY,Barley Plump Percent >6/64,74.1,3/27/2018 14:50:45,RUSSIA,RUSSIA,SARANSK,SARANSK 2017
254458,THINS BARLEY,Barley Thin Percent <5.5/64,0,3/27/2018 14:50:45,RUSSIA,RUSSIA,SARANSK,SARANSK 2017
254671,B PROTEIN DSB WGA,Barley Protein (DSB) Prediction on WGA,9.4,3/27/2018 14:50:45,RUSSIA,RUSSIA,SARANSK,SARANSK 2017
254671,MIDS BARLEY,Mids Barley Percent,40.1,3/27/2018 14:50:45,RUSSIA,RUSSIA,SARANSK,SARANSK 2017
254642,THINS BARLEY,Barley Thin Percent <5.5/64,0,3/27/2018 14:50:45,RUSSIA,RUSSIA,SARANSK,SARANSK 2017
254644,PLUMP BARLEY,Barley Plump Percent >6/64,66.4,3/27/2018 14:50:45,RUSSIA,RUSSIA,SARANSK,SARANSK 2017
254642,B PROTEIN DSB WGA,Barley Protein (DSB) Prediction on WGA,9.8,3/27/2018 14:50:45,RUSSIA,RUSSIA,SARANSK,SARANSK 2017
254644,MIDS BARLEY,Mids Barley Percent,30.2,3/27/2018 14:50:45,RUSSIA,RUSSIA,SARANSK,SARANSK 2017
253871,MIDS BARLEY,Mids Barley Percent,28.4,3/27/2018 14:50:45,RUSSIA,RUSSIA,SARANSK,SARANSK 2017
253874,B PROTEIN DSB WGA,Barley Protein (DSB) Prediction on WGA,10.1,3/27/2018 14:50:45,RUSSIA,RUSSIA,SARANSK,SARANSK 2017
253871,THINS BARLEY,Barley Thin Percent <5.5/64,0,3/27/2018 14:50:45,RUSSIA,RUSSIA,SARANSK,SARANSK 2017
253868,PLUMP BARLEY,Barley Plump Percent >6/64,66.2,3/27/2018 14:50:45,RUSSIA,RUSSIA,SARANSK,SARANSK 2017
254186,MIDS BARLEY,Mids Barley Percent,46.2,3/27/2018 14:50:45,RUSSIA,RUSSIA,SARANSK,SARANSK 2017
253335,THINS BARLEY,Barley Thin Percent <5.5/64,0,3/27/2018 14:50:45,RUSSIA,RUSSIA,SARANSK,SARANSK 2017
253874,MIDS BARLEY,Mids Barley Percent,24.1,3/27/2018 14:50:45,RUSSIA,RUSSIA,SARANSK,SARANSK 2017
253335,MIDS BARLEY,Mids Barley Percent,28.5,3/27/2018 14:50:45,RUSSIA,RUSSIA,SARANSK,SARANSK 2017
254186,B PROTEIN DSB WGA,Barley Protein (DSB) Prediction on WGA,9.6,3/27/2018 14:50:45,RUSSIA,RUSSIA,SARANSK,SARANSK 2017
253871,PLUMP BARLEY,Barley Plump Percent >6/64,66.9,3/27/2018 14:50:45,RUSSIA,RUSSIA,SARANSK,SARANSK 2017
253334,PLUMP BARLEY,Barley Plump Percent >6/64,72.1,3/27/2018 14:50:45,RUSSIA,RUSSIA,SARANSK,SARANSK 2017
253334,B PROTEIN DSB WGA,Barley Protein (DSB) Prediction on WGA,10.1,3/27/2018 14:50:45,RUSSIA,RUSSIA,SARANSK,SARANSK 2017
253334,MIDS BARLEY,Mids Barley Percent,24.1,3/27/2018 14:50:45,RUSSIA,RUSSIA,SARANSK,SARANSK 2017
253868,THINS BARLEY,Barley Thin Percent <5.5/64,0,3/27/2018 14:50:45,RUSSIA,RUSSIA,SARANSK,SARANSK 2017
253868,MIDS BARLEY,Mids Barley Percent,30.2,3/27/2018 14:50:45,RUSSIA,RUSSIA,SARANSK,SARANSK 2017
253870,MIDS BARLEY,Mids Barley Percent,15.3,3/27/2018 14:50:45,RUSSIA,RUSSIA,SARANSK,SARANSK 2017
253870,PLUMP BARLEY,Barley Plump Percent >6/64,80.2,3/27/2018 14:50:45,RUSSIA,RUSSIA,SARANSK,SARANSK 2017
253335,B PROTEIN DSB WGA,Barley Protein (DSB) Prediction on WGA,9.6,3/27/2018 14:50:45,RUSSIA,RUSSIA,SARANSK,SARANSK 2017
253199,B PROTEIN DSB WGA,Barley Protein (DSB) Prediction on WGA,9.3,3/27/2018 14:50:45,RUSSIA,RUSSIA,SARANSK,SARANSK 2017
253199,PLUMP BARLEY,Barley Plump Percent >6/64,66.8,3/27/2018 14:50:45,RUSSIA,RUSSIA,SARANSK,SARANSK 2017
253315,B PROTEIN DSB WGA,Barley Protein (DSB) Prediction on WGA,10.2,3/27/2018 14:50:45,RUSSIA,RUSSIA,SARANSK,SARANSK 2017
253870,THINS BARLEY,Barley Thin Percent <5.5/64,0,3/27/2018 14:50:45,RUSSIA,RUSSIA,SARANSK,SARANSK 2017
253315,THINS BARLEY,Barley Thin Percent <5.5/64,0.2,3/27/2018 14:50:45,RUSSIA,RUSSIA,SARANSK,SARANSK 2017
253199,MIDS BARLEY,Mids Barley Percent,30.2,3/27/2018 14:50:45,RUSSIA,RUSSIA,SARANSK,SARANSK 2017
254186,THINS BARLEY,Barley Thin Percent <5.5/64,0,3/27/2018 14:50:45,RUSSIA,RUSSIA,SARANSK,SARANSK 2017
253334,THINS BARLEY,Barley Thin Percent <5.5/64,0,3/27/2018 14:50:45,RUSSIA,RUSSIA,SARANSK,SARANSK 2017
253315,PLUMP BARLEY,Barley Plump Percent >6/64,88.1,3/27/2018 14:50:45,RUSSIA,RUSSIA,SARANSK,SARANSK 2017
253868,B PROTEIN DSB WGA,Barley Protein (DSB) Prediction on WGA,10.1,3/27/2018 14:50:45,RUSSIA,RUSSIA,SARANSK,SARANSK 2017
253870,B PROTEIN DSB WGA,Barley Protein (DSB) Prediction on WGA,10.2,3/27/2018 14:50:45,RUSSIA,RUSSIA,SARANSK,SARANSK 2017
254186,PLUMP BARLEY,Barley Plump Percent >6/64,44.2,3/27/2018 14:50:45,RUSSIA,RUSSIA,SARANSK,SARANSK 2017
253199,THINS BARLEY,Barley Thin Percent <5.5/64,0,3/27/2018 14:50:45,RUSSIA,RUSSIA,SARANSK,SARANSK 2017
253315,MIDS BARLEY,Mids Barley Percent,11.1,3/27/2018 14:50:45,RUSSIA,RUSSIA,SARANSK,SARANSK 2017
253874,PLUMP BARLEY,Barley Plump Percent >6/64,72.4,3/27/2018 14:50:45,RUSSIA,RUSSIA,SARANSK,SARANSK 2017
253335,PLUMP BARLEY,Barley Plump Percent >6/64,68.5,3/27/2018 14:50:45,RUSSIA,RUSSIA,SARANSK,SARANSK 2017
253871,B PROTEIN DSB WGA,Barley Protein (DSB) Prediction on WGA,9.5,3/27/2018 14:50:45,RUSSIA,RUSSIA,SARANSK,SARANSK 2017
253874,THINS BARLEY,Barley Thin Percent <5.5/64,0,3/27/2018 14:50:45,RUSSIA,RUSSIA,SARANSK,SARANSK 2017
253856,MIDS BARLEY,Mids Barley Percent,25.2,3/27/2018 14:50:45,RUSSIA,RUSSIA,SARANSK,SARANSK 2017
253849,PLUMP BARLEY,Barley Plump Percent >6/64,79.6,3/27/2018 14:50:45,RUSSIA,RUSSIA,SARANSK,SARANSK 2017
253540,B PROTEIN DSB WGA,Barley Protein (DSB) Prediction on WGA,9.1,3/27/2018 14:50:45,RUSSIA,RUSSIA,SARANSK,SARANSK 2017
253859,THINS BARLEY,Barley Thin Percent <5.5/64,0,3/27/2018 14:50:45,RUSSIA,RUSSIA,SARANSK,SARANSK 2017
253850,PLUMP BARLEY,Barley Plump Percent >6/64,62.1,3/27/2018 14:50:45,RUSSIA,RUSSIA,SARANSK,SARANSK 2017
253850,MIDS BARLEY,Mids Barley Percent,33.2,3/27/2018 14:50:45,RUSSIA,RUSSIA,SARANSK,SARANSK 2017
253844,MIDS BARLEY,Mids Barley Percent,44.1,3/27/2018 14:50:45,RUSSIA,RUSSIA,SARANSK,SARANSK 2017
253849,B PROTEIN DSB WGA,Barley Protein (DSB) Prediction on WGA,12.2,3/27/2018 14:50:45,RUSSIA,RUSSIA,SARANSK,SARANSK 2017
253543,THINS BARLEY,Barley Thin Percent <5.5/64,0,3/27/2018 14:50:45,RUSSIA,RUSSIA,SARANSK,SARANSK 2017
253540,THINS BARLEY,Barley Thin Percent <5.5/64,,3/27/2018 14:50:45,RUSSIA,RUSSIA,SARANSK,SARANSK 2017
253849,MIDS BARLEY,Mids Barley Percent,17.4,3/27/2018 14:50:45,RUSSIA,RUSSIA,SARANSK,SARANSK 2017
253859,PLUMP BARLEY,Barley Plump Percent >6/64,81.7,3/27/2018 14:50:45,RUSSIA,RUSSIA,SARANSK,SARANSK 2017
253543,PLUMP BARLEY,Barley Plump Percent >6/64,60.8,3/27/2018 14:50:45,RUSSIA,RUSSIA,SARANSK,SARANSK 2017
253543,B PROTEIN DSB WGA,Barley Protein (DSB) Prediction on WGA,9.6,3/27/2018 14:50:45,RUSSIA,RUSSIA,SARANSK,SARANSK 2017
253850,B PROTEIN DSB WGA,Barley Protein (DSB) Prediction on WGA,10.5,3/27/2018 14:50:45,RUSSIA,RUSSIA,SARANSK,SARANSK 2017
253543,MIDS BARLEY,Mids Barley Percent,34.1,3/27/2018 14:50:45,RUSSIA,RUSSIA,SARANSK,SARANSK 2017
253844,PLUMP BARLEY,Barley Plump Percent >6/64,50.4,3/27/2018 14:50:45,RUSSIA,RUSSIA,SARANSK,SARANSK 2017
253850,THINS BARLEY,Barley Thin Percent <5.5/64,0,3/27/2018 14:50:45,RUSSIA,RUSSIA,SARANSK,SARANSK 2017
253540,MIDS BARLEY,Mids Barley Percent,,3/27/2018 14:50:45,RUSSIA,RUSSIA,SARANSK,SARANSK 2017
253856,B PROTEIN DSB WGA,Barley Protein (DSB) Prediction on WGA,9.7,3/27/2018 14:50:45,RUSSIA,RUSSIA,SARANSK,SARANSK 2017
253844,B PROTEIN DSB WGA,Barley Protein (DSB) Prediction on WGA,9.5,3/27/2018 14:50:45,RUSSIA,RUSSIA,SARANSK,SARANSK 2017
253844,THINS BARLEY,Barley Thin Percent <5.5/64,0,3/27/2018 14:50:45,RUSSIA,RUSSIA,SARANSK,SARANSK 2017
253859,B PROTEIN DSB WGA,Barley Protein (DSB) Prediction on WGA,10.2,3/27/2018 14:50:45,RUSSIA,RUSSIA,SARANSK,SARANSK 2017
253540,PLUMP BARLEY,Barley Plump Percent >6/64,,3/27/2018 14:50:45,RUSSIA,RUSSIA,SARANSK,SARANSK 2017
253849,THINS BARLEY,Barley Thin Percent <5.5/64,0.1,3/27/2018 14:50:45,RUSSIA,RUSSIA,SARANSK,SARANSK 2017
253856,PLUMP BARLEY,Barley Plump Percent >6/64,70.4,3/27/2018 14:50:45,RUSSIA,RUSSIA,SARANSK,SARANSK 2017
253859,MIDS BARLEY,Mids Barley Percent,15.3,3/27/2018 14:50:45,RUSSIA,RUSSIA,SARANSK,SARANSK 2017
253856,THINS BARLEY,Barley Thin Percent <5.5/64,0.1,3/27/2018 14:50:45,RUSSIA,RUSSIA,SARANSK,SARANSK 2017
254375,MIDS BARLEY,Mids Barley Percent,30.1,3/27/2018 14:50:45,RUSSIA,RUSSIA,SARANSK,SARANSK 2017
254347,PLUMP BARLEY,Barley Plump Percent >6/64,66.4,3/27/2018 14:50:45,RUSSIA,RUSSIA,SARANSK,SARANSK 2017
254347,THINS BARLEY,Barley Thin Percent <5.5/64,0,3/27/2018 14:50:45,RUSSIA,RUSSIA,SARANSK,SARANSK 2017
254347,MIDS BARLEY,Mids Barley Percent,28.2,3/27/2018 14:50:45,RUSSIA,RUSSIA,SARANSK,SARANSK 2017
254496,MIDS BARLEY,Mids Barley Percent,26.1,3/27/2018 14:50:45,RUSSIA,RUSSIA,SARANSK,SARANSK 2017
254292,MIDS BARLEY,Mids Barley Percent,31.2,3/27/2018 14:50:45,RUSSIA,RUSSIA,SARANSK,SARANSK 2017
254347,B PROTEIN DSB WGA,Barley Protein (DSB) Prediction on WGA,11.9,3/27/2018 14:50:45,RUSSIA,RUSSIA,SARANSK,SARANSK 2017
254318,B PROTEIN DSB WGA,Barley Protein (DSB) Prediction on WGA,10.7,3/27/2018 14:50:45,RUSSIA,RUSSIA,SARANSK,SARANSK 2017
254318,THINS BARLEY,Barley Thin Percent <5.5/64,0,3/27/2018 14:50:45,RUSSIA,RUSSIA,SARANSK,SARANSK 2017
254318,PLUMP BARLEY,Barley Plump Percent >6/64,78.1,3/27/2018 14:50:45,RUSSIA,RUSSIA,SARANSK,SARANSK 2017
254292,PLUMP BARLEY,Barley Plump Percent >6/64,64.1,3/27/2018 14:50:45,RUSSIA,RUSSIA,SARANSK,SARANSK 2017
254486,THINS BARLEY,Barley Thin Percent <5.5/64,0,3/27/2018 14:50:45,RUSSIA,RUSSIA,SARANSK,SARANSK 2017
254318,MIDS BARLEY,Mids Barley Percent,20.1,3/27/2018 14:50:45,RUSSIA,RUSSIA,SARANSK,SARANSK 2017
254486,B PROTEIN DSB WGA,Barley Protein (DSB) Prediction on WGA,10.2,3/27/2018 14:50:45,RUSSIA,RUSSIA,SARANSK,SARANSK 2017
254375,THINS BARLEY,Barley Thin Percent <5.5/64,0,3/27/2018 14:50:45,RUSSIA,RUSSIA,SARANSK,SARANSK 2017
254292,THINS BARLEY,Barley Thin Percent <5.5/64,0,3/27/2018 14:50:45,RUSSIA,RUSSIA,SARANSK,SARANSK 2017
254375,B PROTEIN DSB WGA,Barley Protein (DSB) Prediction on WGA,9.1,3/27/2018 14:50:45,RUSSIA,RUSSIA,SARANSK,SARANSK 2017
254375,PLUMP BARLEY,Barley Plump Percent >6/64,66.2,3/27/2018 14:50:45,RUSSIA,RUSSIA,SARANSK,SARANSK 2017
254486,PLUMP BARLEY,Barley Plump Percent >6/64,73.4,3/27/2018 14:50:45,RUSSIA,RUSSIA,SARANSK,SARANSK 2017
254496,PLUMP BARLEY,Barley Plump Percent >6/64,70,3/27/2018 14:50:45,RUSSIA,RUSSIA,SARANSK,SARANSK 2017
254292,B PROTEIN DSB WGA,Barley Protein (DSB) Prediction on WGA,10.4,3/27/2018 14:50:45,RUSSIA,RUSSIA,SARANSK,SARANSK 2017
254486,MIDS BARLEY,Mids Barley Percent,25.5,3/27/2018 14:50:45,RUSSIA,RUSSIA,SARANSK,SARANSK 2017
254424,PLUMP BARLEY,Barley Plump Percent >6/64,70.5,3/27/2018 14:50:45,RUSSIA,RUSSIA,SARANSK,SARANSK 2017
254683,THINS BARLEY,Barley Thin Percent <5.5/64,0,3/27/2018 14:50:45,RUSSIA,RUSSIA,SARANSK,SARANSK 2017
254307,MIDS BARLEY,Mids Barley Percent,20.9,3/27/2018 14:50:45,RUSSIA,RUSSIA,SARANSK,SARANSK 2017
254424,B PROTEIN DSB WGA,Barley Protein (DSB) Prediction on WGA,9.8,3/27/2018 14:50:45,RUSSIA,RUSSIA,SARANSK,SARANSK 2017
254683,B PROTEIN DSB WGA,Barley Protein (DSB) Prediction on WGA,10.5,3/27/2018 14:50:45,RUSSIA,RUSSIA,SARANSK,SARANSK 2017
254683,PLUMP BARLEY,Barley Plump Percent >6/64,60.8,3/27/2018 14:50:45,RUSSIA,RUSSIA,SARANSK,SARANSK 2017
254679,THINS BARLEY,Barley Thin Percent <5.5/64,0.1,3/27/2018 14:50:45,RUSSIA,RUSSIA,SARANSK,SARANSK 2017
254639,MIDS BARLEY,Mids Barley Percent,22.4,3/27/2018 14:50:45,RUSSIA,RUSSIA,SARANSK,SARANSK 2017
254670,MIDS BARLEY,Mids Barley Percent,32.6,3/27/2018 14:50:45,RUSSIA,RUSSIA,SARANSK,SARANSK 2017
254670,THINS BARLEY,Barley Thin Percent <5.5/64,0,3/27/2018 14:50:45,RUSSIA,RUSSIA,SARANSK,SARANSK 2017
254683,MIDS BARLEY,Mids Barley Percent,36,3/27/2018 14:50:45,RUSSIA,RUSSIA,SARANSK,SARANSK 2017
254639,THINS BARLEY,Barley Thin Percent <5.5/64,0,3/27/2018 14:50:45,RUSSIA,RUSSIA,SARANSK,SARANSK 2017
254307,PLUMP BARLEY,Barley Plump Percent >6/64,73.8,3/27/2018 14:50:45,RUSSIA,RUSSIA,SARANSK,SARANSK 2017
254496,B PROTEIN DSB WGA,Barley Protein (DSB) Prediction on WGA,10.4,3/27/2018 14:50:45,RUSSIA,RUSSIA,SARANSK,SARANSK 2017
254649,PLUMP BARLEY,Barley Plump Percent >6/64,70.1,3/27/2018 14:50:45,RUSSIA,RUSSIA,SARANSK,SARANSK 2017
254424,MIDS BARLEY,Mids Barley Percent,17.3,3/27/2018 14:50:45,RUSSIA,RUSSIA,SARANSK,SARANSK 2017
254679,B PROTEIN DSB WGA,Barley Protein (DSB) Prediction on WGA,11.2,3/27/2018 14:50:45,RUSSIA,RUSSIA,SARANSK,SARANSK 2017
254307,THINS BARLEY,Barley Thin Percent <5.5/64,0,3/27/2018 14:50:45,RUSSIA,RUSSIA,SARANSK,SARANSK 2017
254649,MIDS BARLEY,Mids Barley Percent,26.7,3/27/2018 14:50:45,RUSSIA,RUSSIA,SARANSK,SARANSK 2017
254307,B PROTEIN DSB WGA,Barley Protein (DSB) Prediction on WGA,9.5,3/27/2018 14:50:45,RUSSIA,RUSSIA,SARANSK,SARANSK 2017
254639,PLUMP BARLEY,Barley Plump Percent >6/64,74.8,3/27/2018 14:50:45,RUSSIA,RUSSIA,SARANSK,SARANSK 2017
254304,THINS BARLEY,Barley Thin Percent <5.5/64,0,3/27/2018 14:50:45,RUSSIA,RUSSIA,SARANSK,SARANSK 2017
254496,THINS BARLEY,Barley Thin Percent <5.5/64,0,3/27/2018 14:50:45,RUSSIA,RUSSIA,SARANSK,SARANSK 2017
254304,PLUMP BARLEY,Barley Plump Percent >6/64,76.2,3/27/2018 14:50:45,RUSSIA,RUSSIA,SARANSK,SARANSK 2017
254304,MIDS BARLEY,Mids Barley Percent,20.9,3/27/2018 14:50:45,RUSSIA,RUSSIA,SARANSK,SARANSK 2017
254649,B PROTEIN DSB WGA,Barley Protein (DSB) Prediction on WGA,9.9,3/27/2018 14:50:45,RUSSIA,RUSSIA,SARANSK,SARANSK 2017
254639,B PROTEIN DSB WGA,Barley Protein (DSB) Prediction on WGA,10.1,3/27/2018 14:50:45,RUSSIA,RUSSIA,SARANSK,SARANSK 2017
254304,B PROTEIN DSB WGA,Barley Protein (DSB) Prediction on WGA,9.7,3/27/2018 14:50:45,RUSSIA,RUSSIA,SARANSK,SARANSK 2017
254424,THINS BARLEY,Barley Thin Percent <5.5/64,0,3/27/2018 14:50:45,RUSSIA,RUSSIA,SARANSK,SARANSK 2017
254679,PLUMP BARLEY,Barley Plump Percent >6/64,71.8,3/27/2018 14:50:45,RUSSIA,RUSSIA,SARANSK,SARANSK 2017
254670,B PROTEIN DSB WGA,Barley Protein (DSB) Prediction on WGA,10,3/27/2018 14:50:45,RUSSIA,RUSSIA,SARANSK,SARANSK 2017
254649,THINS BARLEY,Barley Thin Percent <5.5/64,0,3/27/2018 14:50:45,RUSSIA,RUSSIA,SARANSK,SARANSK 2017
254679,MIDS BARLEY,Mids Barley Percent,22.6,3/27/2018 14:50:45,RUSSIA,RUSSIA,SARANSK,SARANSK 2017
254670,PLUMP BARLEY,Barley Plump Percent >6/64,63.8,3/27/2018 14:50:45,RUSSIA,RUSSIA,SARANSK,SARANSK 2017
254549,PLUMP BARLEY,Barley Plump Percent >6/64,89.8,3/27/2018 14:50:45,RUSSIA,RUSSIA,SARANSK,SARANSK 2017
254274,MIDS BARLEY,Mids Barley Percent,32.2,3/27/2018 14:50:45,RUSSIA,RUSSIA,SARANSK,SARANSK 2017
254274,PLUMP BARLEY,Barley Plump Percent >6/64,62.8,3/27/2018 14:50:45,RUSSIA,RUSSIA,SARANSK,SARANSK 2017
254273,THINS BARLEY,Barley Thin Percent <5.5/64,0,3/27/2018 14:50:45,RUSSIA,RUSSIA,SARANSK,SARANSK 2017
254549,THINS BARLEY,Barley Thin Percent <5.5/64,0.1,3/27/2018 14:50:45,RUSSIA,RUSSIA,SARANSK,SARANSK 2017
254549,B PROTEIN DSB WGA,Barley Protein (DSB) Prediction on WGA,10.3,3/27/2018 14:50:45,RUSSIA,RUSSIA,SARANSK,SARANSK 2017
254418,MIDS BARLEY,Mids Barley Percent,40.1,3/27/2018 14:50:45,RUSSIA,RUSSIA,SARANSK,SARANSK 2017
254549,MIDS BARLEY,Mids Barley Percent,8.8,3/27/2018 14:50:45,RUSSIA,RUSSIA,SARANSK,SARANSK 2017
254273,PLUMP BARLEY,Barley Plump Percent >6/64,72,3/27/2018 14:50:45,RUSSIA,RUSSIA,SARANSK,SARANSK 2017
254274,THINS BARLEY,Barley Thin Percent <5.5/64,0,3/27/2018 14:50:45,RUSSIA,RUSSIA,SARANSK,SARANSK 2017
254418,THINS BARLEY,Barley Thin Percent <5.5/64,0,3/27/2018 14:50:45,RUSSIA,RUSSIA,SARANSK,SARANSK 2017
254273,MIDS BARLEY,Mids Barley Percent,25.2,3/27/2018 14:50:45,RUSSIA,RUSSIA,SARANSK,SARANSK 2017
254274,B PROTEIN DSB WGA,Barley Protein (DSB) Prediction on WGA,10,3/27/2018 14:50:45,RUSSIA,RUSSIA,SARANSK,SARANSK 2017
254273,B PROTEIN DSB WGA,Barley Protein (DSB) Prediction on WGA,10.9,3/27/2018 14:50:45,RUSSIA,RUSSIA,SARANSK,SARANSK 2017
254418,PLUMP BARLEY,Barley Plump Percent >6/64,54.6,3/27/2018 14:50:45,RUSSIA,RUSSIA,SARANSK,SARANSK 2017
254418,B PROTEIN DSB WGA,Barley Protein (DSB) Prediction on WGA,9.8,3/27/2018 14:50:45,RUSSIA,RUSSIA,SARANSK,SARANSK 2017
254500,MIDS BARLEY,Mids Barley Percent,45.5,3/27/2018 14:50:45,RUSSIA,RUSSIA,SARANSK,SARANSK 2017
254417,MIDS BARLEY,Mids Barley Percent,22.9,3/27/2018 14:50:45,RUSSIA,RUSSIA,SARANSK,SARANSK 2017
254500,B PROTEIN DSB WGA,Barley Protein (DSB) Prediction on WGA,9.8,3/27/2018 14:50:45,RUSSIA,RUSSIA,SARANSK,SARANSK 2017
254281,PLUMP BARLEY,Barley Plump Percent >6/64,80.9,3/27/2018 14:50:45,RUSSIA,RUSSIA,SARANSK,SARANSK 2017
254417,PLUMP BARLEY,Barley Plump Percent >6/64,74.2,3/27/2018 14:50:45,RUSSIA,RUSSIA,SARANSK,SARANSK 2017
254500,THINS BARLEY,Barley Thin Percent <5.5/64,0,3/27/2018 14:50:45,RUSSIA,RUSSIA,SARANSK,SARANSK 2017
254281,THINS BARLEY,Barley Thin Percent <5.5/64,0,3/27/2018 14:50:45,RUSSIA,RUSSIA,SARANSK,SARANSK 2017
254325,B PROTEIN DSB WGA,Barley Protein (DSB) Prediction on WGA,11.2,3/27/2018 14:50:45,RUSSIA,RUSSIA,SARANSK,SARANSK 2017
254281,B PROTEIN DSB WGA,Barley Protein (DSB) Prediction on WGA,10.8,3/27/2018 14:50:45,RUSSIA,RUSSIA,SARANSK,SARANSK 2017
254417,THINS BARLEY,Barley Thin Percent <5.5/64,0,3/27/2018 14:50:45,RUSSIA,RUSSIA,SARANSK,SARANSK 2017
254231,THINS BARLEY,Barley Thin Percent <5.5/64,0,3/27/2018 14:50:45,RUSSIA,RUSSIA,SARANSK,SARANSK 2017
254231,B PROTEIN DSB WGA,Barley Protein (DSB) Prediction on WGA,11.7,3/27/2018 14:50:45,RUSSIA,RUSSIA,SARANSK,SARANSK 2017
254229,THINS BARLEY,Barley Thin Percent <5.5/64,0,3/27/2018 14:50:45,RUSSIA,RUSSIA,SARANSK,SARANSK 2017
254325,PLUMP BARLEY,Barley Plump Percent >6/64,66.6,3/27/2018 14:50:45,RUSSIA,RUSSIA,SARANSK,SARANSK 2017
254417,B PROTEIN DSB WGA,Barley Protein (DSB) Prediction on WGA,10.2,3/27/2018 14:50:45,RUSSIA,RUSSIA,SARANSK,SARANSK 2017
254229,B PROTEIN DSB WGA,Barley Protein (DSB) Prediction on WGA,9.6,3/27/2018 14:50:45,RUSSIA,RUSSIA,SARANSK,SARANSK 2017
254271,B PROTEIN DSB WGA,Barley Protein (DSB) Prediction on WGA,10.7,3/27/2018 14:50:45,RUSSIA,RUSSIA,SARANSK,SARANSK 2017
254325,MIDS BARLEY,Mids Barley Percent,30.2,3/27/2018 14:50:45,RUSSIA,RUSSIA,SARANSK,SARANSK 2017
254231,MIDS BARLEY,Mids Barley Percent,21.6,3/27/2018 14:50:45,RUSSIA,RUSSIA,SARANSK,SARANSK 2017
254271,THINS BARLEY,Barley Thin Percent <5.5/64,0,3/27/2018 14:50:45,RUSSIA,RUSSIA,SARANSK,SARANSK 2017
254271,MIDS BARLEY,Mids Barley Percent,24.2,3/27/2018 14:50:45,RUSSIA,RUSSIA,SARANSK,SARANSK 2017
254271,PLUMP BARLEY,Barley Plump Percent >6/64,72.1,3/27/2018 14:50:45,RUSSIA,RUSSIA,SARANSK,SARANSK 2017
254500,PLUMP BARLEY,Barley Plump Percent >6/64,46.2,3/27/2018 14:50:45,RUSSIA,RUSSIA,SARANSK,SARANSK 2017
254325,THINS BARLEY,Barley Thin Percent <5.5/64,0,3/27/2018 14:50:45,RUSSIA,RUSSIA,SARANSK,SARANSK 2017
254231,PLUMP BARLEY,Barley Plump Percent >6/64,73.8,3/27/2018 14:50:45,RUSSIA,RUSSIA,SARANSK,SARANSK 2017
254229,PLUMP BARLEY,Barley Plump Percent >6/64,66,3/27/2018 14:50:45,RUSSIA,RUSSIA,SARANSK,SARANSK 2017
254281,MIDS BARLEY,Mids Barley Percent,16.3,3/27/2018 14:50:45,RUSSIA,RUSSIA,SARANSK,SARANSK 2017
254229,MIDS BARLEY,Mids Barley Percent,27.8,3/27/2018 14:50:45,RUSSIA,RUSSIA,SARANSK,SARANSK 2017
254359,MIDS BARLEY,Mids Barley Percent,35.6,3/27/2018 14:50:45,RUSSIA,RUSSIA,SARANSK,SARANSK 2017
254721,B PROTEIN DSB WGA,Barley Protein (DSB) Prediction on WGA,10.2,3/27/2018 14:50:45,RUSSIA,RUSSIA,SARANSK,SARANSK 2017
254721,THINS BARLEY,Barley Thin Percent <5.5/64,0,3/27/2018 14:50:45,RUSSIA,RUSSIA,SARANSK,SARANSK 2017
254721,PLUMP BARLEY,Barley Plump Percent >6/64,60.3,3/27/2018 14:50:45,RUSSIA,RUSSIA,SARANSK,SARANSK 2017
254721,MIDS BARLEY,Mids Barley Percent,34.4,3/27/2018 14:50:45,RUSSIA,RUSSIA,SARANSK,SARANSK 2017
254501,PLUMP BARLEY,Barley Plump Percent >6/64,48.8,3/27/2018 14:50:45,RUSSIA,RUSSIA,SARANSK,SARANSK 2017
254501,MIDS BARLEY,Mids Barley Percent,42.5,3/27/2018 14:50:45,RUSSIA,RUSSIA,SARANSK,SARANSK 2017
254359,B PROTEIN DSB WGA,Barley Protein (DSB) Prediction on WGA,9.4,3/27/2018 14:50:45,RUSSIA,RUSSIA,SARANSK,SARANSK 2017
254297,MIDS BARLEY,Mids Barley Percent,26.1,3/27/2018 14:50:45,RUSSIA,RUSSIA,SARANSK,SARANSK 2017
254297,PLUMP BARLEY,Barley Plump Percent >6/64,70.5,3/27/2018 14:50:45,RUSSIA,RUSSIA,SARANSK,SARANSK 2017
254296,B PROTEIN DSB WGA,Barley Protein (DSB) Prediction on WGA,9.8,3/27/2018 14:50:45,RUSSIA,RUSSIA,SARANSK,SARANSK 2017
254359,PLUMP BARLEY,Barley Plump Percent >6/64,54,3/27/2018 14:50:45,RUSSIA,RUSSIA,SARANSK,SARANSK 2017
254359,THINS BARLEY,Barley Thin Percent <5.5/64,0,3/27/2018 14:50:45,RUSSIA,RUSSIA,SARANSK,SARANSK 2017
254297,B PROTEIN DSB WGA,Barley Protein (DSB) Prediction on WGA,9.5,3/27/2018 14:50:45,RUSSIA,RUSSIA,SARANSK,SARANSK 2017
254501,THINS BARLEY,Barley Thin Percent <5.5/64,0,3/27/2018 14:50:45,RUSSIA,RUSSIA,SARANSK,SARANSK 2017
254358,B PROTEIN DSB WGA,Barley Protein (DSB) Prediction on WGA,9.9,3/27/2018 14:50:45,RUSSIA,RUSSIA,SARANSK,SARANSK 2017
254525,MIDS BARLEY,Mids Barley Percent,14.2,3/27/2018 14:50:45,RUSSIA,RUSSIA,SARANSK,SARANSK 2017
254525,PLUMP BARLEY,Barley Plump Percent >6/64,82.8,3/27/2018 14:50:45,RUSSIA,RUSSIA,SARANSK,SARANSK 2017
254358,THINS BARLEY,Barley Thin Percent <5.5/64,0,3/27/2018 14:50:45,RUSSIA,RUSSIA,SARANSK,SARANSK 2017
254358,MIDS BARLEY,Mids Barley Percent,33.1,3/27/2018 14:50:45,RUSSIA,RUSSIA,SARANSK,SARANSK 2017
254525,B PROTEIN DSB WGA,Barley Protein (DSB) Prediction on WGA,9.7,3/27/2018 14:50:45,RUSSIA,RUSSIA,SARANSK,SARANSK 2017
254358,PLUMP BARLEY,Barley Plump Percent >6/64,61.5,3/27/2018 14:50:45,RUSSIA,RUSSIA,SARANSK,SARANSK 2017
254525,THINS BARLEY,Barley Thin Percent <5.5/64,0,3/27/2018 14:50:45,RUSSIA,RUSSIA,SARANSK,SARANSK 2017
254297,THINS BARLEY,Barley Thin Percent <5.5/64,0,3/27/2018 14:50:45,RUSSIA,RUSSIA,SARANSK,SARANSK 2017
254296,MIDS BARLEY,Mids Barley Percent,25,3/27/2018 14:50:45,RUSSIA,RUSSIA,SARANSK,SARANSK 2017
254296,PLUMP BARLEY,Barley Plump Percent >6/64,71.2,3/27/2018 14:50:45,RUSSIA,RUSSIA,SARANSK,SARANSK 2017
254501,B PROTEIN DSB WGA,Barley Protein (DSB) Prediction on WGA,9.5,3/27/2018 14:50:45,RUSSIA,RUSSIA,SARANSK,SARANSK 2017
254296,THINS BARLEY,Barley Thin Percent <5.5/64,0.2,3/27/2018 14:50:45,RUSSIA,RUSSIA,SARANSK,SARANSK 2017
254260,B PROTEIN DSB WGA,Barley Protein (DSB) Prediction on WGA,11.7,3/27/2018 14:50:45,RUSSIA,RUSSIA,SARANSK,SARANSK 2017
254722,B PROTEIN DSB WGA,Barley Protein (DSB) Prediction on WGA,11.3,3/27/2018 14:50:45,RUSSIA,RUSSIA,SARANSK,SARANSK 2017
254258,PLUMP BARLEY,Barley Plump Percent >6/64,82.3,3/27/2018 14:50:45,RUSSIA,RUSSIA,SARANSK,SARANSK 2017
254260,MIDS BARLEY,Mids Barley Percent,31.8,3/27/2018 14:50:45,RUSSIA,RUSSIA,SARANSK,SARANSK 2017
254258,MIDS BARLEY,Mids Barley Percent,14.5,3/27/2018 14:50:45,RUSSIA,RUSSIA,SARANSK,SARANSK 2017
254265,B PROTEIN DSB WGA,Barley Protein (DSB) Prediction on WGA,10.2,3/27/2018 14:50:45,RUSSIA,RUSSIA,SARANSK,SARANSK 2017
254260,THINS BARLEY,Barley Thin Percent <5.5/64,0,3/27/2018 14:50:45,RUSSIA,RUSSIA,SARANSK,SARANSK 2017
254722,THINS BARLEY,Barley Thin Percent <5.5/64,0.1,3/27/2018 14:50:45,RUSSIA,RUSSIA,SARANSK,SARANSK 2017
254723,PLUMP BARLEY,Barley Plump Percent >6/64,82.1,3/27/2018 14:50:45,RUSSIA,RUSSIA,SARANSK,SARANSK 2017
254258,THINS BARLEY,Barley Thin Percent <5.5/64,0.1,3/27/2018 14:50:45,RUSSIA,RUSSIA,SARANSK,SARANSK 2017
254394,MIDS BARLEY,Mids Barley Percent,30.2,3/27/2018 14:50:45,RUSSIA,RUSSIA,SARANSK,SARANSK 2017
254723,MIDS BARLEY,Mids Barley Percent,13.8,3/27/2018 14:50:45,RUSSIA,RUSSIA,SARANSK,SARANSK 2017
254394,PLUMP BARLEY,Barley Plump Percent >6/64,62.4,3/27/2018 14:50:45,RUSSIA,RUSSIA,SARANSK,SARANSK 2017
254268,MIDS BARLEY,Mids Barley Percent,22.1,3/27/2018 14:50:45,RUSSIA,RUSSIA,SARANSK,SARANSK 2017
254394,THINS BARLEY,Barley Thin Percent <5.5/64,0,3/27/2018 14:50:45,RUSSIA,RUSSIA,SARANSK,SARANSK 2017
254266,MIDS BARLEY,Mids Barley Percent,32.7,3/27/2018 14:50:45,RUSSIA,RUSSIA,SARANSK,SARANSK 2017
254264,PLUMP BARLEY,Barley Plump Percent >6/64,70.2,3/27/2018 14:50:45,RUSSIA,RUSSIA,SARANSK,SARANSK 2017
254264,B PROTEIN DSB WGA,Barley Protein (DSB) Prediction on WGA,10.4,3/27/2018 14:50:45,RUSSIA,RUSSIA,SARANSK,SARANSK 2017
254722,MIDS BARLEY,Mids Barley Percent,36.3,3/27/2018 14:50:45,RUSSIA,RUSSIA,SARANSK,SARANSK 2017
254265,THINS BARLEY,Barley Thin Percent <5.5/64,0.2,3/27/2018 14:50:45,RUSSIA,RUSSIA,SARANSK,SARANSK 2017
254265,PLUMP BARLEY,Barley Plump Percent >6/64,64.4,3/27/2018 14:50:45,RUSSIA,RUSSIA,SARANSK,SARANSK 2017
254257,PLUMP BARLEY,Barley Plump Percent >6/64,76.6,3/27/2018 14:50:45,RUSSIA,RUSSIA,SARANSK,SARANSK 2017
254265,MIDS BARLEY,Mids Barley Percent,29.8,3/27/2018 14:50:45,RUSSIA,RUSSIA,SARANSK,SARANSK 2017
254722,PLUMP BARLEY,Barley Plump Percent >6/64,58.2,3/27/2018 14:50:45,RUSSIA,RUSSIA,SARANSK,SARANSK 2017
254257,B PROTEIN DSB WGA,Barley Protein (DSB) Prediction on WGA,10.1,3/27/2018 14:50:45,RUSSIA,RUSSIA,SARANSK,SARANSK 2017
254723,B PROTEIN DSB WGA,Barley Protein (DSB) Prediction on WGA,10.4,3/27/2018 14:50:45,RUSSIA,RUSSIA,SARANSK,SARANSK 2017
254260,PLUMP BARLEY,Barley Plump Percent >6/64,61.3,3/27/2018 14:50:45,RUSSIA,RUSSIA,SARANSK,SARANSK 2017
254268,B PROTEIN DSB WGA,Barley Protein (DSB) Prediction on WGA,9.7,3/27/2018 14:50:45,RUSSIA,RUSSIA,SARANSK,SARANSK 2017
254257,THINS BARLEY,Barley Thin Percent <5.5/64,0.1,3/27/2018 14:50:45,RUSSIA,RUSSIA,SARANSK,SARANSK 2017
254264,THINS BARLEY,Barley Thin Percent <5.5/64,0,3/27/2018 14:50:45,RUSSIA,RUSSIA,SARANSK,SARANSK 2017
254264,MIDS BARLEY,Mids Barley Percent,14.4,3/27/2018 14:50:45,RUSSIA,RUSSIA,SARANSK,SARANSK 2017
254723,THINS BARLEY,Barley Thin Percent <5.5/64,0.1,3/27/2018 14:50:45,RUSSIA,RUSSIA,SARANSK,SARANSK 2017
254258,B PROTEIN DSB WGA,Barley Protein (DSB) Prediction on WGA,10.4,3/27/2018 14:50:45,RUSSIA,RUSSIA,SARANSK,SARANSK 2017
254257,MIDS BARLEY,Mids Barley Percent,18.4,3/27/2018 14:50:45,RUSSIA,RUSSIA,SARANSK,SARANSK 2017
254268,THINS BARLEY,Barley Thin Percent <5.5/64,0,3/27/2018 14:50:45,RUSSIA,RUSSIA,SARANSK,SARANSK 2017
254268,PLUMP BARLEY,Barley Plump Percent >6/64,72.9,3/27/2018 14:50:45,RUSSIA,RUSSIA,SARANSK,SARANSK 2017
254266,THINS BARLEY,Barley Thin Percent <5.5/64,0,3/27/2018 14:50:45,RUSSIA,RUSSIA,SARANSK,SARANSK 2017
254394,B PROTEIN DSB WGA,Barley Protein (DSB) Prediction on WGA,10,3/27/2018 14:50:45,RUSSIA,RUSSIA,SARANSK,SARANSK 2017
254266,B PROTEIN DSB WGA,Barley Protein (DSB) Prediction on WGA,10,3/27/2018 14:50:45,RUSSIA,RUSSIA,SARANSK,SARANSK 2017
254266,PLUMP BARLEY,Barley Plump Percent >6/64,62,3/27/2018 14:50:45,RUSSIA,RUSSIA,SARANSK,SARANSK 2017
254711,B PROTEIN DSB WGA,Barley Protein (DSB) Prediction on WGA,12.3,3/27/2018 14:50:45,RUSSIA,RUSSIA,SARANSK,SARANSK 2017
254364,B PROTEIN DSB WGA,Barley Protein (DSB) Prediction on WGA,11.5,3/27/2018 14:50:45,RUSSIA,RUSSIA,SARANSK,SARANSK 2017
254365,MIDS BARLEY,Mids Barley Percent,33.9,3/27/2018 14:50:45,RUSSIA,RUSSIA,SARANSK,SARANSK 2017
254713,MIDS BARLEY,Mids Barley Percent,26.2,3/27/2018 14:50:45,RUSSIA,RUSSIA,SARANSK,SARANSK 2017
254364,THINS BARLEY,Barley Thin Percent <5.5/64,0,3/27/2018 14:50:45,RUSSIA,RUSSIA,SARANSK,SARANSK 2017
254713,PLUMP BARLEY,Barley Plump Percent >6/64,68.4,3/27/2018 14:50:45,RUSSIA,RUSSIA,SARANSK,SARANSK 2017
254364,PLUMP BARLEY,Barley Plump Percent >6/64,70.4,3/27/2018 14:50:45,RUSSIA,RUSSIA,SARANSK,SARANSK 2017
254711,THINS BARLEY,Barley Thin Percent <5.5/64,0,3/27/2018 14:50:45,RUSSIA,RUSSIA,SARANSK,SARANSK 2017
254365,THINS BARLEY,Barley Thin Percent <5.5/64,0,3/27/2018 14:50:45,RUSSIA,RUSSIA,SARANSK,SARANSK 2017
254713,THINS BARLEY,Barley Thin Percent <5.5/64,0,3/27/2018 14:50:45,RUSSIA,RUSSIA,SARANSK,SARANSK 2017
254711,PLUMP BARLEY,Barley Plump Percent >6/64,83.7,3/27/2018 14:50:45,RUSSIA,RUSSIA,SARANSK,SARANSK 2017
254711,MIDS BARLEY,Mids Barley Percent,15.1,3/27/2018 14:50:45,RUSSIA,RUSSIA,SARANSK,SARANSK 2017
254365,PLUMP BARLEY,Barley Plump Percent >6/64,60.2,3/27/2018 14:50:45,RUSSIA,RUSSIA,SARANSK,SARANSK 2017
254399,B PROTEIN DSB WGA,Barley Protein (DSB) Prediction on WGA,10.4,3/27/2018 14:50:45,RUSSIA,RUSSIA,SARANSK,SARANSK 2017
254713,B PROTEIN DSB WGA,Barley Protein (DSB) Prediction on WGA,9.5,3/27/2018 14:50:45,RUSSIA,RUSSIA,SARANSK,SARANSK 2017
254365,B PROTEIN DSB WGA,Barley Protein (DSB) Prediction on WGA,9.9,3/27/2018 14:50:45,RUSSIA,RUSSIA,SARANSK,SARANSK 2017
254399,THINS BARLEY,Barley Thin Percent <5.5/64,0,3/27/2018 14:50:45,RUSSIA,RUSSIA,SARANSK,SARANSK 2017
254399,MIDS BARLEY,Mids Barley Percent,42.7,3/27/2018 14:50:45,RUSSIA,RUSSIA,SARANSK,SARANSK 2017
254364,MIDS BARLEY,Mids Barley Percent,26.1,3/27/2018 14:50:45,RUSSIA,RUSSIA,SARANSK,SARANSK 2017
254399,PLUMP BARLEY,Barley Plump Percent >6/64,48.6,3/27/2018 14:50:45,RUSSIA,RUSSIA,SARANSK,SARANSK 2017
253603,MIDS BARLEY,Mids Barley Percent,22.1,3/27/2018 14:50:45,RUSSIA,RUSSIA,SARANSK,SARANSK 2017
253826,THINS BARLEY,Barley Thin Percent <5.5/64,0,3/27/2018 14:50:45,RUSSIA,RUSSIA,SARANSK,SARANSK 2017
253826,PLUMP BARLEY,Barley Plump Percent >6/64,78.8,3/27/2018 14:50:45,RUSSIA,RUSSIA,SARANSK,SARANSK 2017
253826,MIDS BARLEY,Mids Barley Percent,18.3,3/27/2018 14:50:45,RUSSIA,RUSSIA,SARANSK,SARANSK 2017
253817,THINS BARLEY,Barley Thin Percent <5.5/64,0,3/27/2018 14:50:45,RUSSIA,RUSSIA,SARANSK,SARANSK 2017
253603,THINS BARLEY,Barley Thin Percent <5.5/64,0.2,3/27/2018 14:50:45,RUSSIA,RUSSIA,SARANSK,SARANSK 2017
253444,MIDS BARLEY,Mids Barley Percent,17.5,3/27/2018 14:50:45,RUSSIA,RUSSIA,SARANSK,SARANSK 2017
253444,PLUMP BARLEY,Barley Plump Percent >6/64,79.4,3/27/2018 14:50:45,RUSSIA,RUSSIA,SARANSK,SARANSK 2017
253444,THINS BARLEY,Barley Thin Percent <5.5/64,0,3/27/2018 14:50:45,RUSSIA,RUSSIA,SARANSK,SARANSK 2017
253603,PLUMP BARLEY,Barley Plump Percent >6/64,76.8,3/27/2018 14:50:45,RUSSIA,RUSSIA,SARANSK,SARANSK 2017
253558,PLUMP BARLEY,Barley Plump Percent >6/64,62.1,3/27/2018 14:50:45,RUSSIA,RUSSIA,SARANSK,SARANSK 2017
253558,THINS BARLEY,Barley Thin Percent <5.5/64,0,3/27/2018 14:50:45,RUSSIA,RUSSIA,SARANSK,SARANSK 2017
253817,PLUMP BARLEY,Barley Plump Percent >6/64,71.4,3/27/2018 14:50:45,RUSSIA,RUSSIA,SARANSK,SARANSK 2017
253817,MIDS BARLEY,Mids Barley Percent,23.8,3/27/2018 14:50:45,RUSSIA,RUSSIA,SARANSK,SARANSK 2017
253814,B PROTEIN DSB WGA,Barley Protein (DSB) Prediction on WGA,10.5,3/27/2018 14:50:45,RUSSIA,RUSSIA,SARANSK,SARANSK 2017
253558,B PROTEIN DSB WGA,Barley Protein (DSB) Prediction on WGA,9.4,3/27/2018 14:50:45,RUSSIA,RUSSIA,SARANSK,SARANSK 2017
253814,THINS BARLEY,Barley Thin Percent <5.5/64,0,3/27/2018 14:50:45,RUSSIA,RUSSIA,SARANSK,SARANSK 2017
253814,PLUMP BARLEY,Barley Plump Percent >6/64,56.1,3/27/2018 14:50:45,RUSSIA,RUSSIA,SARANSK,SARANSK 2017
253814,MIDS BARLEY,Mids Barley Percent,37.6,3/27/2018 14:50:45,RUSSIA,RUSSIA,SARANSK,SARANSK 2017
253619,MIDS BARLEY,Mids Barley Percent,,3/27/2018 14:50:45,RUSSIA,RUSSIA,SARANSK,SARANSK 2017
253619,PLUMP BARLEY,Barley Plump Percent >6/64,,3/27/2018 14:50:45,RUSSIA,RUSSIA,SARANSK,SARANSK 2017
253619,THINS BARLEY,Barley Thin Percent <5.5/64,,3/27/2018 14:50:45,RUSSIA,RUSSIA,SARANSK,SARANSK 2017
253619,B PROTEIN DSB WGA,Barley Protein (DSB) Prediction on WGA,10.1,3/27/2018 14:50:45,RUSSIA,RUSSIA,SARANSK,SARANSK 2017
253444,B PROTEIN DSB WGA,Barley Protein (DSB) Prediction on WGA,10.4,3/27/2018 14:50:45,RUSSIA,RUSSIA,SARANSK,SARANSK 2017
253653,B PROTEIN DSB WGA,Barley Protein (DSB) Prediction on WGA,9.6,3/27/2018 14:50:45,RUSSIA,RUSSIA,SARANSK,SARANSK 2017
253826,B PROTEIN DSB WGA,Barley Protein (DSB) Prediction on WGA,12.2,3/27/2018 14:50:45,RUSSIA,RUSSIA,SARANSK,SARANSK 2017
253817,B PROTEIN DSB WGA,Barley Protein (DSB) Prediction on WGA,9.7,3/27/2018 14:50:45,RUSSIA,RUSSIA,SARANSK,SARANSK 2017
253558,MIDS BARLEY,Mids Barley Percent,32.1,3/27/2018 14:50:45,RUSSIA,RUSSIA,SARANSK,SARANSK 2017
253653,PLUMP BARLEY,Barley Plump Percent >6/64,64.4,3/27/2018 14:50:45,RUSSIA,RUSSIA,SARANSK,SARANSK 2017
253653,THINS BARLEY,Barley Thin Percent <5.5/64,0,3/27/2018 14:50:45,RUSSIA,RUSSIA,SARANSK,SARANSK 2017
253603,B PROTEIN DSB WGA,Barley Protein (DSB) Prediction on WGA,10.4,3/27/2018 14:50:45,RUSSIA,RUSSIA,SARANSK,SARANSK 2017
253653,MIDS BARLEY,Mids Barley Percent,30.9,3/27/2018 14:50:45,RUSSIA,RUSSIA,SARANSK,SARANSK 2017
253878,THINS BARLEY,Barley Thin Percent <5.5/64,0,3/27/2018 14:50:45,RUSSIA,RUSSIA,SARANSK,SARANSK 2017
253862,B PROTEIN DSB WGA,Barley Protein (DSB) Prediction on WGA,11,3/27/2018 14:50:45,RUSSIA,RUSSIA,SARANSK,SARANSK 2017
253863,MIDS BARLEY,Mids Barley Percent,15.2,3/27/2018 14:50:45,RUSSIA,RUSSIA,SARANSK,SARANSK 2017
253644,MIDS BARLEY,Mids Barley Percent,26.3,3/27/2018 14:50:45,RUSSIA,RUSSIA,SARANSK,SARANSK 2017
253879,B PROTEIN DSB WGA,Barley Protein (DSB) Prediction on WGA,9.7,3/27/2018 14:50:45,RUSSIA,RUSSIA,SARANSK,SARANSK 2017
253563,THINS BARLEY,Barley Thin Percent <5.5/64,0.1,3/27/2018 14:50:45,RUSSIA,RUSSIA,SARANSK,SARANSK 2017
253862,THINS BARLEY,Barley Thin Percent <5.5/64,0,3/27/2018 14:50:45,RUSSIA,RUSSIA,SARANSK,SARANSK 2017
253934,PLUMP BARLEY,Barley Plump Percent >6/64,88.1,3/27/2018 14:50:45,RUSSIA,RUSSIA,SARANSK,SARANSK 2017
253755,B PROTEIN DSB WGA,Barley Protein (DSB) Prediction on WGA,9.9,3/27/2018 14:50:45,RUSSIA,RUSSIA,SARANSK,SARANSK 2017
253604,MIDS BARLEY,Mids Barley Percent,36.6,3/27/2018 14:50:45,RUSSIA,RUSSIA,SARANSK,SARANSK 2017
253879,MIDS BARLEY,Mids Barley Percent,36.9,3/27/2018 14:50:45,RUSSIA,RUSSIA,SARANSK,SARANSK 2017
253878,B PROTEIN DSB WGA,Barley Protein (DSB) Prediction on WGA,9.6,3/27/2018 14:50:45,RUSSIA,RUSSIA,SARANSK,SARANSK 2017
253879,PLUMP BARLEY,Barley Plump Percent >6/64,58.1,3/27/2018 14:50:45,RUSSIA,RUSSIA,SARANSK,SARANSK 2017
253863,PLUMP BARLEY,Barley Plump Percent >6/64,63.2,3/27/2018 14:50:45,RUSSIA,RUSSIA,SARANSK,SARANSK 2017
253604,B PROTEIN DSB WGA,Barley Protein (DSB) Prediction on WGA,9.6,3/27/2018 14:50:45,RUSSIA,RUSSIA,SARANSK,SARANSK 2017
253563,B PROTEIN DSB WGA,Barley Protein (DSB) Prediction on WGA,9.8,3/27/2018 14:50:45,RUSSIA,RUSSIA,SARANSK,SARANSK 2017
253563,MIDS BARLEY,Mids Barley Percent,31.9,3/27/2018 14:50:45,RUSSIA,RUSSIA,SARANSK,SARANSK 2017
253863,THINS BARLEY,Barley Thin Percent <5.5/64,0,3/27/2018 14:50:45,RUSSIA,RUSSIA,SARANSK,SARANSK 2017
253879,THINS BARLEY,Barley Thin Percent <5.5/64,0.2,3/27/2018 14:50:45,RUSSIA,RUSSIA,SARANSK,SARANSK 2017
253878,PLUMP BARLEY,Barley Plump Percent >6/64,48.6,3/27/2018 14:50:45,RUSSIA,RUSSIA,SARANSK,SARANSK 2017
253878,MIDS BARLEY,Mids Barley Percent,42.8,3/27/2018 14:50:45,RUSSIA,RUSSIA,SARANSK,SARANSK 2017
253934,MIDS BARLEY,Mids Barley Percent,10,3/27/2018 14:50:45,RUSSIA,RUSSIA,SARANSK,SARANSK 2017
253644,THINS BARLEY,Barley Thin Percent <5.5/64,0,3/27/2018 14:50:45,RUSSIA,RUSSIA,SARANSK,SARANSK 2017
253862,MIDS BARLEY,Mids Barley Percent,13.5,3/27/2018 14:50:45,RUSSIA,RUSSIA,SARANSK,SARANSK 2017
253563,PLUMP BARLEY,Barley Plump Percent >6/64,64,3/27/2018 14:50:45,RUSSIA,RUSSIA,SARANSK,SARANSK 2017
253604,THINS BARLEY,Barley Thin Percent <5.5/64,0,3/27/2018 14:50:45,RUSSIA,RUSSIA,SARANSK,SARANSK 2017
253865,MIDS BARLEY,Mids Barley Percent,19.3,3/27/2018 14:50:45,RUSSIA,RUSSIA,SARANSK,SARANSK 2017
253863,B PROTEIN DSB WGA,Barley Protein (DSB) Prediction on WGA,9.5,3/27/2018 14:50:45,RUSSIA,RUSSIA,SARANSK,SARANSK 2017
253755,PLUMP BARLEY,Barley Plump Percent >6/64,57.5,3/27/2018 14:50:45,RUSSIA,RUSSIA,SARANSK,SARANSK 2017
253865,PLUMP BARLEY,Barley Plump Percent >6/64,80,3/27/2018 14:50:45,RUSSIA,RUSSIA,SARANSK,SARANSK 2017
253934,THINS BARLEY,Barley Thin Percent <5.5/64,0,3/27/2018 14:50:45,RUSSIA,RUSSIA,SARANSK,SARANSK 2017
253865,B PROTEIN DSB WGA,Barley Protein (DSB) Prediction on WGA,10,3/27/2018 14:50:45,RUSSIA,RUSSIA,SARANSK,SARANSK 2017
253755,MIDS BARLEY,Mids Barley Percent,36.6,3/27/2018 14:50:45,RUSSIA,RUSSIA,SARANSK,SARANSK 2017
253865,THINS BARLEY,Barley Thin Percent <5.5/64,0,3/27/2018 14:50:45,RUSSIA,RUSSIA,SARANSK,SARANSK 2017
253755,THINS BARLEY,Barley Thin Percent <5.5/64,0,3/27/2018 14:50:45,RUSSIA,RUSSIA,SARANSK,SARANSK 2017
253604,PLUMP BARLEY,Barley Plump Percent >6/64,54.1,3/27/2018 14:50:45,RUSSIA,RUSSIA,SARANSK,SARANSK 2017
253934,B PROTEIN DSB WGA,Barley Protein (DSB) Prediction on WGA,10.4,3/27/2018 14:50:45,RUSSIA,RUSSIA,SARANSK,SARANSK 2017
253862,PLUMP BARLEY,Barley Plump Percent >6/64,81.1,3/27/2018 14:50:45,RUSSIA,RUSSIA,SARANSK,SARANSK 2017
253644,B PROTEIN DSB WGA,Barley Protein (DSB) Prediction on WGA,10.9,3/27/2018 14:50:45,RUSSIA,RUSSIA,SARANSK,SARANSK 2017
253644,PLUMP BARLEY,Barley Plump Percent >6/64,70.3,3/27/2018 14:50:45,RUSSIA,RUSSIA,SARANSK,SARANSK 2017
253703,B PROTEIN DSB WGA,Barley Protein (DSB) Prediction on WGA,11.3,3/27/2018 14:50:45,RUSSIA,RUSSIA,SARANSK,SARANSK 2017
253774,PLUMP BARLEY,Barley Plump Percent >6/64,52.9,3/27/2018 14:50:45,RUSSIA,RUSSIA,SARANSK,SARANSK 2017
253774,MIDS BARLEY,Mids Barley Percent,39.9,3/27/2018 14:50:45,RUSSIA,RUSSIA,SARANSK,SARANSK 2017
253571,B PROTEIN DSB WGA,Barley Protein (DSB) Prediction on WGA,11.1,3/27/2018 14:50:45,RUSSIA,RUSSIA,SARANSK,SARANSK 2017
253737,B PROTEIN DSB WGA,Barley Protein (DSB) Prediction on WGA,10.1,3/27/2018 14:50:45,RUSSIA,RUSSIA,SARANSK,SARANSK 2017
253737,THINS BARLEY,Barley Thin Percent <5.5/64,0,3/27/2018 14:50:45,RUSSIA,RUSSIA,SARANSK,SARANSK 2017
253737,PLUMP BARLEY,Barley Plump Percent >6/64,68.7,3/27/2018 14:50:45,RUSSIA,RUSSIA,SARANSK,SARANSK 2017
253737,MIDS BARLEY,Mids Barley Percent,26.4,3/27/2018 14:50:45,RUSSIA,RUSSIA,SARANSK,SARANSK 2017
253677,B PROTEIN DSB WGA,Barley Protein (DSB) Prediction on WGA,9.5,3/27/2018 14:50:45,RUSSIA,RUSSIA,SARANSK,SARANSK 2017
253575,PLUMP BARLEY,Barley Plump Percent >6/64,60.1,3/27/2018 14:50:45,RUSSIA,RUSSIA,SARANSK,SARANSK 2017
253677,MIDS BARLEY,Mids Barley Percent,42.2,3/27/2018 14:50:45,RUSSIA,RUSSIA,SARANSK,SARANSK 2017
253774,B PROTEIN DSB WGA,Barley Protein (DSB) Prediction on WGA,11.1,3/27/2018 14:50:45,RUSSIA,RUSSIA,SARANSK,SARANSK 2017
253703,THINS BARLEY,Barley Thin Percent <5.5/64,0,3/27/2018 14:50:45,RUSSIA,RUSSIA,SARANSK,SARANSK 2017
253703,PLUMP BARLEY,Barley Plump Percent >6/64,64.1,3/27/2018 14:50:45,RUSSIA,RUSSIA,SARANSK,SARANSK 2017
253703,MIDS BARLEY,Mids Barley Percent,30.1,3/27/2018 14:50:45,RUSSIA,RUSSIA,SARANSK,SARANSK 2017
253786,MIDS BARLEY,Mids Barley Percent,46.4,3/27/2018 14:50:45,RUSSIA,RUSSIA,SARANSK,SARANSK 2017
253786,PLUMP BARLEY,Barley Plump Percent >6/64,46.8,3/27/2018 14:50:45,RUSSIA,RUSSIA,SARANSK,SARANSK 2017
253575,MIDS BARLEY,Mids Barley Percent,33.2,3/27/2018 14:50:45,RUSSIA,RUSSIA,SARANSK,SARANSK 2017
253786,THINS BARLEY,Barley Thin Percent <5.5/64,0,3/27/2018 14:50:45,RUSSIA,RUSSIA,SARANSK,SARANSK 2017
253786,B PROTEIN DSB WGA,Barley Protein (DSB) Prediction on WGA,10,3/27/2018 14:50:45,RUSSIA,RUSSIA,SARANSK,SARANSK 2017
253677,PLUMP BARLEY,Barley Plump Percent >6/64,49.4,3/27/2018 14:50:45,RUSSIA,RUSSIA,SARANSK,SARANSK 2017
253775,THINS BARLEY,Barley Thin Percent <5.5/64,0,3/27/2018 14:50:45,RUSSIA,RUSSIA,SARANSK,SARANSK 2017
253565,THINS BARLEY,Barley Thin Percent <5.5/64,0,3/27/2018 14:50:45,RUSSIA,RUSSIA,SARANSK,SARANSK 2017
253565,B PROTEIN DSB WGA,Barley Protein (DSB) Prediction on WGA,9.8,3/27/2018 14:50:45,RUSSIA,RUSSIA,SARANSK,SARANSK 2017
253565,PLUMP BARLEY,Barley Plump Percent >6/64,44.5,3/27/2018 14:50:45,RUSSIA,RUSSIA,SARANSK,SARANSK 2017
253575,B PROTEIN DSB WGA,Barley Protein (DSB) Prediction on WGA,11.1,3/27/2018 14:50:45,RUSSIA,RUSSIA,SARANSK,SARANSK 2017
253565,MIDS BARLEY,Mids Barley Percent,47.6,3/27/2018 14:50:45,RUSSIA,RUSSIA,SARANSK,SARANSK 2017
253776,MIDS BARLEY,Mids Barley Percent,41.2,3/27/2018 14:50:45,RUSSIA,RUSSIA,SARANSK,SARANSK 2017
253776,PLUMP BARLEY,Barley Plump Percent >6/64,51.8,3/27/2018 14:50:45,RUSSIA,RUSSIA,SARANSK,SARANSK 2017
253776,THINS BARLEY,Barley Thin Percent <5.5/64,0.1,3/27/2018 14:50:45,RUSSIA,RUSSIA,SARANSK,SARANSK 2017
253774,THINS BARLEY,Barley Thin Percent <5.5/64,0.1,3/27/2018 14:50:45,RUSSIA,RUSSIA,SARANSK,SARANSK 2017
